/docs/chapter01/ /docs/introducing-rest-and-dreamfactory/ 301
/docs/chapter01/introducing-rest.html /docs/introducing-rest-and-dreamfactory/#introducing-rest 301
/docs/chapter01/dissecting-rest-requests-and-responses.html /docs/introducing-rest-and-dreamfactory/#dissecting-rest-requests-and-responses 301
/docs/chapter01/introducing-dreamfactory.html /docs/introducing-rest-and-dreamfactory/#introducing-dreamfactory 301
/docs/chapter01/conclusion.html /docs/introducing-rest-and-dreamfactory/#conclusion 301

/docs/chapter02/ /docs/installing-and-configuring-dreamfactory/ 301
/docs/chapter02/choosing-a-dreamfactory-version.html /docs/installing-and-configuring-dreamfactory/#choosing-a-dreamfactory-version 301
/docs/chapter02/installing-and-configuring-dreamfactory-from-source.html /docs/installing-and-configuring-dreamfactory/#installing-and-configuring-dreamfactory-from-source 301
/docs/chapter02/installing-and-configuring-dreamfactory-on-centos.html /docs/installing-and-configuring-dreamfactory/#installing-and-configuring-dreamfactory-on-centos 301
/docs/chapter02/choosing-an-http-client.html /docs/installing-and-configuring-dreamfactory/#choosing-an-http-client 301
/docs/chapter02/running-dreamfactory-in-a-high-availability-load-balanced-environment.html /docs/installing-and-configuring-dreamfactory/#running-dreamfactory-in-a-high-availability-load-balanced-environment 301
/docs/chapter02/bitnami-oracle.html /docs/installing-and-configuring-dreamfactory/#using-the-bitnami-installers 301
/docs/chapter02/conclusion.html /docs/installing-and-configuring-dreamfactory/#conclusion 301
/docs/chapter02/firebird.html /docs/installing-and-configuring-dreamfactory/#configuring-firebird-for-dreamfactory 301
/docs/chapter02/microsoft-sql-server.html /docs/installing-and-configuring-dreamfactory/#configuring-microsoft-sql-server-for-dreamfactory 301
/docs/chapter02/sap-sql-anywhere.html /docs/installing-and-configuring-dreamfactory/#configuring-sap-sql-anywhere 301
/docs/chapter02/ubuntu-server-configuration.html /docs/installing-and-configuring-dreamfactory/#configuring-your-ubuntu-server 301

/docs/chapter03/ /docs/generating-a-database-backed-api/ 301
/docs/chapter03/conclusion.html /docs/generating-a-database-backed-api/#conclusion 301
/docs/chapter03/creating-a-role.html /docs/generating-a-database-backed-api/#creating-a-role 301
/docs/chapter03/creating-an-application.html /docs/generating-a-database-backed-api/#creating-an-application 301
/docs/chapter03/generating-a-mysql-backed-api.html /docs/generating-a-database-backed-api/#generating-a-mysql-backed-api 301
/docs/chapter03/interacting-with-the-api.html /docs/generating-a-database-backed-api/#interacting-with-the-api 301
/docs/chapter03/interacting-with-your-api-via-the-api-docs-tab.html /docs/generating-a-database-backed-api/#interacting-with-your-api-via-the-api-docs-tab 301
/docs/chapter03/interaction-using-postman.html /docs/generating-a-database-backed-api/#interaction-using-postman 301
/docs/chapter03/obfuscating-a-table-endpoint.html /docs/generating-a-database-backed-api/#obfuscating-a-table-endpoint 301
/docs/chapter03/troubleshooting.html /docs/generating-a-database-backed-api/#troubleshooting 301

/docs/chapter04/ /docs/authenticating-your-apis/ 301
/docs/chapter04/adding-okta-users-to-the-dreamfactory-application.html /docs/authenticating-your-apis/#adding-okta-users-to-the-dreamfactory-application 301
/docs/chapter04/authenticating-with-azure-active-directory-oauth.html /docs/authenticating-your-apis/#authenticating-with-azure-active-directory-oauth 301
/docs/chapter04/authenticating-with-basic-http-authentication.html /docs/authenticating-your-apis/#authenticating-with-basic-http-authentication 301
/docs/chapter04/authenticating-with-okta.html /docs/authenticating-your-apis/#authenticating-with-okta 301
/docs/chapter04/authenticating-with-openid-connect.html /docs/authenticating-your-apis/#authenticating-with-openid-connect 301
/docs/chapter04/authentication-fundamentals.html /docs/authenticating-your-apis/#authentication-fundamentals 301
/docs/chapter04/debugging-ldap-and-active-directory.html /docs/authenticating-your-apis/#debugging-ldap-and-active-directory 301
/docs/chapter04/managing-user-profiles.html /docs/authenticating-your-apis/#managing-user-profiles 301

/docs/chapter05/ /docs/creating-scripted-services-and-endpoints/ 301
/docs/chapter05/creating-a-scripted-service.html /docs/creating-scripted-services-and-endpoints/ 301

/docs/chapter06/ /docs/integrating-business-logic-into-your-apis/ 301
/docs/chapter06/resources-available-to-scripts.html /docs/integrating-business-logic-into-your-apis/#resources-available-to-scripts 301
/docs/chapter06/adding-http-headers-query-parameters-or-curl-options-to-api-calls.html /docs/integrating-business-logic-into-your-apis/#adding-http-headers-query-parameters-or-curl-options-to-api-calls 301
/docs/chapter06/creating-standalone-scripted-services.html /docs/integrating-business-logic-into-your-apis/#creating-standalone-scripted-services 301
/docs/chapter06/example-scripts.html /docs/integrating-business-logic-into-your-apis/#example-scripts 301
/docs/chapter06/modifying-existing-api-endpoint-logic.html /docs/integrating-business-logic-into-your-apis/#modifying-existing-api-endpoint-logic 301
/docs/chapter06/more-information.html /docs/integrating-business-logic-into-your-apis/#more-information 301
/docs/chapter06/queued-scripting-setup.html /docs/integrating-business-logic-into-your-apis/#queued-scripting-setup 301
/docs/chapter06/scheduled-tasks.html /docs/integrating-business-logic-into-your-apis/#scheduled-tasks 301
/docs/chapter06/stopping-script-execution.html /docs/integrating-business-logic-into-your-apis/#stopping-script-execution 301
/docs/chapter06/supported-scripting-engines.html /docs/integrating-business-logic-into-your-apis/#supported-scripting-engines 301
/docs/chapter06/using-third-party-libraries.html /docs/integrating-business-logic-into-your-apis/#using-third-party-libraries 301

/docs/chapter07/ /docs/limiting-and-logging-api-requests/ 301
/docs/chapter07/dreamfactory-api-rate-limiting.html /docs/limiting-and-logging-api-requests/#dreamfactory-api-rate-limiting 301
/docs/chapter07/logging.html /docs/limiting-and-logging-api-requests/#logging 301

/docs/chapter08/ /docs/securing-your-dreamfactory-environment/ 301
/docs/chapter08/environment-this-installation-is-running-in-local-production-default.html /docs/securing-your-dreamfactory-environment/#environment-this-installation-is-running-in-local-production-default 301
/docs/chapter08/security.html /docs/securing-your-dreamfactory-environment/#security 301

/docs/chapter09/ /docs/performance-considerations/ 301
/docs/chapter09/adding-redis-caching.html /docs/performance-considerations/#adding-redis-caching 301
/docs/chapter09/compiling-the-dreamfactory-code-with-opcache.html /docs/performance-considerations/##compiling-the-dreamfactory-code-with-opcache 301
/docs/chapter09/conclusion.html /docs/performance-considerations/#conclusion 301
/docs/chapter09/load-balancing-your-dreamfactory-environment.html /docs/performance-considerations/#load-balancing-your-dreamfactory-environment 301
/docs/chapter09/optimizing-dreamfactorys-database-apis.html /docs/performance-considerations/#optimizing-dreamfactorys-database-apis 301
/docs/chapter09/performance-benchmarks.html /docs/performance-considerations/#performance-benchmarks 301
/docs/chapter09/third-party-resources.html /docs/performance-considerations/#third-party-resources 301

/docs/chapter10/ /docs/installing-dreamfactory-on-raspberry-pi/ 301
/docs/chapter10/home-automation-ideas.html /docs/installing-dreamfactory-on-raspberry-pi/#home-automation-ideas 301
/docs/chapter10/installing-dreamfactory.html /docs/installing-dreamfactory-on-raspberry-pi/#installing-dreamfactory 301

/docs/chapter11/ /docs/demo-dreamfactory-applications/ 301
/docs/chapter11/conclusion.html /docs/demo-dreamfactory-applications/#conclusion 301
/docs/chapter11/creating-a-simple-status-dashboard.html /docs/demo-dreamfactory-applications/#creating-a-simple-status-dashboard 301
/docs/chapter11/dynamic-dashboard-with-pagination-sorting-and-filtering.html /docs/demo-dreamfactory-applications/#dynamic-dashboard-with-pagination-sorting-and-filtering 301
/docs/chapter11/progressive-web-application.html /docs/demo-dreamfactory-applications/#progressive-web-application 301

/docs/chapter12/ /docs/creating-file-system-apis/ 301
/docs/chapter12/creating-an-aws-rest-api.html /docs/creating-file-system-apis/#creating-an-aws-s3-rest-api 301
/docs/chapter12/creating-an-sftp-rest-api.html /docs/creating-file-system-apis/#creating-an-sftp-rest-api 301

/docs/chapter13/ /docs/integrating-salesforce-data/301
/docs/chapter13/conclusion.html /docs/integrating-salesforce-data/#conclusion 301
/docs/chapter13/configuring-the-salesforce-service.html /docs/integrating-salesforce-data/#configuring-the-salesforce-service 301
/docs/chapter13/interacting-with-the-salesforce-api.html /docs/integrating-salesforce-data/#interacting-with-the-salesforce-api 301

/docs/chapter14/ /docs/using-remote-http-and-soap-connectors/ 301
/docs/chapter14/configuring-the-http-service-connector.html /docs/using-remote-http-and-soap-connectors/#configuring-the-http-service-connector 301
/docs/chapter14/converting-soap-to-rest.html /docs/using-remote-http-and-soap-connectors/#converting-soap-to-rest 301
/docs/chapter14/proxying-a-remote-http-api.html /docs/using-remote-http-and-soap-connectors/#proxying-a-remote-http-api 301
/docs/chapter14/video-based-learning.html /docs/using-remote-http-and-soap-connectors/#video-based-learning 301

/docs/chapter15/ /docs/using-the-system-apis/ 301
/docs/chapter15/clear-the-dreamfactory-service-cache.html /docs/using-the-system-apis/#clear-the-dreamfactory-service-cache 301
/docs/chapter15/create-a-database-api.html /docs/using-the-system-apis/#create-a-database-api 301
/docs/chapter15/creating-a-scripted-api-deployment-solution.html /docs/using-the-system-apis/#creating-a-scripted-api-deployment-solution 301
/docs/chapter15/managing-api-keys.html /docs/using-the-system-apis/#managing-api-keys 301
/docs/chapter15/managing-roles.html /docs/using-the-system-apis/#managing-roles 301
/docs/chapter15/retrieve-api-details.html /docs/using-the-system-apis/#retrieve-api-details 301
/docs/chapter15/retrieving-service-types-and-configuration-schemas.html /docs/using-the-system-apis/#retrieving-service-types-and-configuration-schemas 301

/docs/chapter16/ /docs/migrating-your-system-database-to-a-new-instance/ 301
/docs/chapter16/import-and-export.html /docs/migrating-your-system-database-to-a-new-instance/#import-and-export 301
/docs/chapter16/system-apis.html /docs/migrating-your-system-database-to-a-new-instance/#system-apis 301

/docs/chapter17/ /docs/modifying-the-service-definition/ 301
/docs/chapter17/exporting-api-documentation.html /docs/modifying-the-service-definition/#exporting-api-documentation 301
/docs/chapter17/modifying-existing-api-documentation.html /docs/modifying-the-service-definition/#modifying-existing-api-documentation 301
